Kurs:;46;;13;;15;;42;;44;;31;;41;;32;;42;;44;;41;;31;;32;;42;;44;;43;;12;;41;;13;;31;;11;;32;;42;;43;;44;;12;;41;;13;;31;;11;;32;;42;;43;;44;;12;;41;;13;;31;;11;;32;;42;;43;;44;;12;;41;;13;;31;;11;;32;;42;;43;;44;;12;;41;;13;;31;;11;;32;;42;;43;;44;;12;;41;;13;;31;;11;;32;;42;;43;;44;;41;;31;;11;
Hs;Soll;Ist;Soll;Ist;Soll;Ist;Soll;Ist;Soll;Ist;Soll;Ist;Soll;Ist;Soll;Ist;Soll;Ist;Soll;Ist;Soll;Ist;Soll;Ist;Soll;Ist;Soll;Ist;Soll;Ist;Soll;Ist;Soll;Ist;Soll;Ist;Soll;Ist;Soll;Ist;Soll;Ist;Soll;Ist;Soll;Ist;Soll;Ist;Soll;Ist;Soll;Ist;Soll;Ist;Soll;Ist;Soll;Ist;Soll;Ist;Soll;Ist;Soll;Ist;Soll;Ist;Soll;Ist;Soll;Ist;Soll;Ist;Soll;Ist;Soll;Ist;Soll;Ist;Soll;Ist;Soll;Ist;Soll;Ist;Soll;Ist;Soll;Ist;Soll;Ist;Soll;Ist;Soll;Ist;Soll;Ist;Soll;Ist;Soll;Ist;Soll;Ist;Soll;Ist;Soll;Ist;Soll;Ist;Soll;Ist;Soll;Ist;Soll;Ist;Soll;Ist;Soll;Ist;Soll;Ist;Soll;Ist;Soll;Ist;Soll;Ist;Soll;Ist;Soll;Ist;Soll;Ist;Soll;Ist;Soll;Ist;Soll;Ist;Soll;Ist;Soll;Ist;Soll;Ist;Soll;Ist
Taucha, An d. Bürgerruhe;00:02;00:02;00:32;00:32;01:00;01:02;;;;;04:32;04:31;;;05:02;05:02;05:32;05:32;06:02;06:02;06:32;06:32;07:02;07:01;07:32;07:32;08:02;08:02;08:32;08:32;;;;;09:09;09:09;;;09:39;09:38;;;10:09;10:09;;;10:39;10:39;;;11:09;11:09;;;11:39;11:39;;;12:09;12:09;;;12:39;12:38;;;13:09;13:09;;;13:39;13:39;;;14:09;14:10;;;14:39;14:39;;;15:09;15:08;;;15:39;15:39;;;16:09;16:09;;;16:39;16:39;;;17:09;17:09;;;17:39;17:39;;;18:09;18:09;;;18:39;18:39;;;19:09;19:11;;;19:39;19:39;;;20:09;20:09;;;20:39;20:39;;;21:09;21:09;;;21:39;21:39;;;22:09;22:09;22:32;22:32;23:02;23:02;23:32;23:32
Taucha, Freiligrathstr.;00:03;00:03;00:33;00:33;01:01;01:04;;;;;04:33;04:33;;;05:03;05:03;05:33;05:33;06:03;06:03;06:33;06:33;07:03;07:02;07:33;07:33;08:03;08:03;08:33;08:33;;;;;09:10;09:10;;;09:40;09:40;;;10:10;10:10;;;10:40;10:40;;;11:10;11:10;;;11:40;11:40;;;12:10;12:10;;;12:40;12:40;;;13:10;13:10;;;13:40;13:41;;;14:10;14:11;;;14:40;14:40;;;15:10;15:10;;;15:40;15:40;;;16:10;16:11;;;16:40;16:40;;;17:10;17:11;;;17:40;17:40;;;18:10;18:11;;;18:40;18:40;;;19:10;19:13;;;19:40;19:40;;;20:10;20:10;;;20:40;20:40;;;21:10;21:10;;;21:40;21:40;;;22:10;22:11;22:33;22:33;23:03;23:03;23:33;23:33
Taucha, Th.-Körner-Str.;00:04;00:04;00:34;00:34;01:02;01:04;;;;;04:34;04:33;;;05:04;05:04;05:34;05:34;06:04;06:04;06:34;06:34;07:04;07:03;07:34;07:34;08:04;08:04;08:34;08:34;;;;;09:11;09:11;;;09:41;09:41;;;10:11;10:11;;;10:41;10:41;;;11:11;11:11;;;11:41;11:41;;;12:11;12:11;;;12:41;12:41;;;13:11;13:11;;;13:41;13:41;;;14:11;14:12;;;14:41;14:41;;;15:11;15:11;;;15:41;15:41;;;16:11;16:12;;;16:41;16:41;;;17:11;17:12;;;17:41;17:41;;;18:11;18:12;;;18:41;18:41;;;19:11;19:13;;;19:41;19:41;;;20:11;20:11;;;20:41;20:41;;;21:11;21:11;;;21:41;21:41;;;22:11;22:11;22:34;22:34;23:04;23:04;23:34;23:34
Taucha, O.-Schmidt-Str.;00:05;00:06;00:35;00:36;01:03;01:06;;;;;04:35;04:35;;;05:05;05:05;05:35;05:36;06:05;06:05;06:35;06:35;07:05;07:05;07:35;07:36;08:05;08:05;08:35;08:35;;;;;09:12;09:12;;;09:42;09:42;;;10:12;10:12;;;10:42;10:42;;;11:12;11:12;;;11:42;11:42;;;12:12;12:13;;;12:42;12:42;;;13:12;13:12;;;13:42;13:43;;;14:12;14:14;;;14:42;14:42;;;15:12;15:12;;;15:42;15:42;;;16:12;16:13;;;16:42;16:42;;;17:12;17:13;;;17:42;17:42;;;18:12;18:13;;;18:42;18:42;;;19:12;19:15;;;19:42;19:43;;;20:12;20:13;;;20:42;20:42;;;21:12;21:13;;;21:42;21:42;;;22:12;22:13;22:35;22:36;23:05;23:05;23:35;23:36
Portitzer Allee;00:07;00:08;00:37;00:38;01:05;01:08;;;;;04:37;04:36;;;05:07;05:08;05:37;05:38;06:07;06:07;06:37;06:38;07:07;07:07;07:37;07:38;08:07;08:07;08:37;08:38;;;08:59;09:00;09:14;09:15;09:29;09:30;09:44;09:44;09:59;09:59;10:14;10:14;10:29;10:28;10:44;10:44;10:59;10:59;11:14;11:14;11:29;11:29;11:44;11:44;11:59;11:59;12:14;12:15;12:29;12:29;12:44;12:44;12:59;12:59;13:14;13:15;13:29;13:29;13:44;13:45;13:59;13:59;14:14;14:16;14:29;14:29;14:44;14:44;14:59;14:59;15:14;15:14;15:29;15:29;15:44;15:44;15:59;15:59;16:14;16:15;16:29;16:29;16:44;16:45;16:59;16:59;17:14;17:15;17:29;17:29;17:44;17:45;17:59;17:59;18:14;18:15;18:29;18:29;18:44;18:44;18:59;18:59;19:14;19:17;19:29;19:28;19:44;19:45;19:59;19:58;20:14;20:15;20:29;20:29;20:44;20:44;20:59;20:59;21:14;21:15;21:29;21:29;21:44;21:44;21:59;21:59;22:14;22:15;22:37;22:38;23:07;23:07;23:37;23:38
Heiterblick, Teslastraße;00:09;00:10;00:39;00:40;;;;;;;04:39;04:38;;;05:09;05:09;05:39;05:40;06:09;06:09;06:39;06:39;07:09;07:09;07:39;07:39;08:09;08:09;08:39;08:40;;;09:01;09:02;09:16;09:17;09:31;09:31;09:46;09:45;10:01;10:01;10:16;10:16;10:31;10:30;10:46;10:46;11:01;11:01;11:16;11:16;11:31;11:31;11:46;11:46;12:01;12:00;12:16;12:17;12:31;12:31;12:46;12:45;13:01;13:00;13:16;13:17;13:31;13:30;13:46;13:47;14:01;14:02;14:16;14:17;14:31;14:30;14:46;14:46;15:01;15:00;15:16;15:16;15:31;15:30;15:46;15:46;16:01;16:00;16:16;16:17;16:31;16:31;16:46;16:47;17:01;17:00;17:16;17:17;17:31;17:30;17:46;17:47;18:01;18:01;18:16;18:17;18:31;18:31;18:46;18:46;19:01;19:01;19:16;19:19;19:31;19:30;19:46;19:46;20:01;20:00;20:16;20:16;20:31;20:31;20:46;20:46;21:01;21:00;21:16;21:16;21:31;21:31;21:46;21:46;22:01;22:02;22:16;22:17;22:39;22:40;23:09;23:08;23:39;23:40
Arcus Park;00:10;00:11;00:40;00:40;;;;;;;04:40;04:39;;;05:10;05:10;05:40;05:41;06:10;06:10;06:40;06:40;07:10;07:10;07:40;07:40;08:10;08:11;08:40;08:41;;;09:02;09:03;09:17;09:19;09:32;09:32;09:47;09:46;10:02;10:02;10:17;10:17;10:32;10:31;10:47;10:47;11:02;11:02;11:17;11:17;11:32;11:32;11:47;11:47;12:02;12:01;12:17;12:18;12:32;12:32;12:47;12:47;13:02;13:02;13:17;13:19;13:32;13:32;13:47;13:49;14:02;14:04;14:17;14:19;14:32;14:32;14:47;14:47;15:02;15:02;15:17;15:17;15:32;15:32;15:47;15:47;16:02;16:02;16:17;16:19;16:32;16:32;16:47;16:49;17:02;17:02;17:17;17:19;17:32;17:32;17:47;17:49;18:02;18:02;18:17;18:19;18:32;18:32;18:47;18:47;19:02;19:02;19:17;19:20;19:32;19:31;19:47;19:47;20:02;20:01;20:17;20:17;20:32;20:32;20:47;20:47;21:02;21:01;21:17;21:17;21:32;21:32;21:47;21:47;22:02;22:04;22:17;22:18;22:40;22:41;23:10;23:10;23:40;23:41
Hohentichelnstraße;00:11;00:11;00:41;00:41;;;;;;;04:41;04:40;;;05:11;05:11;05:41;05:41;06:11;06:11;06:41;06:41;07:11;07:11;07:41;07:41;08:11;08:12;08:41;08:42;;;09:03;09:04;09:18;09:19;09:33;09:33;09:48;09:48;10:03;10:03;10:18;10:18;10:33;10:31;10:48;10:48;11:03;11:03;11:18;11:18;11:33;11:33;11:48;11:48;12:03;12:02;12:18;12:18;12:33;12:33;12:48;12:48;13:03;13:03;13:18;13:20;13:33;13:33;13:48;13:49;14:03;14:04;14:18;14:19;14:33;14:33;14:48;14:48;15:03;15:03;15:18;15:18;15:33;15:33;15:48;15:48;16:03;16:03;16:18;16:19;16:33;16:33;16:48;16:51;17:03;17:03;17:18;17:19;17:33;17:33;17:48;17:50;18:03;18:03;18:18;18:19;18:33;18:33;18:48;18:48;19:03;19:03;19:18;19:21;19:33;19:31;19:48;19:48;20:03;20:02;20:18;20:18;20:33;20:33;20:48;20:48;21:03;21:03;21:18;21:18;21:33;21:33;21:48;21:48;22:03;22:04;22:18;22:18;22:41;22:42;23:11;23:10;23:41;23:42
Bautzner Straße;00:12;00:14;00:42;00:43;;;;;;;04:42;04:44;;;05:12;05:12;05:42;05:43;06:12;06:12;06:42;06:42;07:12;07:13;07:42;07:43;08:12;08:13;08:42;08:43;;;09:04;09:05;09:19;09:21;09:34;09:34;09:49;09:49;10:04;10:05;10:19;10:19;10:34;10:33;10:49;10:50;11:04;11:04;11:19;11:19;11:34;11:35;11:49;11:49;12:04;12:04;12:19;12:20;12:34;12:35;12:49;12:49;13:04;13:04;13:19;13:21;13:34;13:35;13:49;13:51;14:04;14:06;14:19;14:21;14:34;14:34;14:49;14:49;15:04;15:04;15:19;15:19;15:34;15:34;15:49;15:50;16:04;16:04;16:19;16:21;16:34;16:34;16:49;16:52;17:04;17:04;17:19;17:21;17:34;17:34;17:49;17:51;18:04;18:05;18:19;18:21;18:34;18:35;18:49;18:49;19:04;19:05;19:19;19:22;19:34;19:33;19:49;19:50;20:04;20:03;20:19;20:20;20:34;20:34;20:49;20:49;21:04;21:04;21:19;21:20;21:34;21:35;21:49;21:49;22:04;22:06;22:19;22:20;22:42;22:44;23:12;23:12;23:42;23:44
Schwantesstraße;00:13;00:14;00:43;00:43;;;;;;;04:43;04:44;;;05:13;05:13;05:43;05:44;06:13;06:13;06:43;06:43;07:13;07:14;07:43;07:44;08:13;08:14;08:43;08:44;;;09:05;09:06;09:20;09:22;09:35;09:35;09:50;09:50;10:05;10:05;10:20;10:20;10:35;10:34;10:50;10:50;11:05;11:05;11:20;11:20;11:35;11:36;11:50;11:50;12:05;12:05;12:20;12:21;12:35;12:36;12:50;12:50;13:05;13:05;13:20;13:22;13:35;13:35;13:50;13:52;14:05;14:07;14:20;14:22;14:35;14:35;14:50;14:50;15:05;15:05;15:20;15:20;15:35;15:35;15:50;15:50;16:05;16:05;16:20;16:22;16:35;16:35;16:50;16:53;17:05;17:06;17:20;17:22;17:35;17:35;17:50;17:52;18:05;18:06;18:20;18:22;18:35;18:35;18:50;18:50;19:05;19:05;19:20;19:23;19:35;19:34;19:50;19:50;20:05;20:04;20:20;20:20;20:35;20:35;20:50;20:50;21:05;21:05;21:20;21:21;21:35;21:35;21:50;21:50;22:05;22:07;22:20;22:20;22:43;22:44;23:13;23:13;23:43;23:44
Permoser-/Torgauer Str.;00:14;00:15;00:44;00:45;;;;;;;04:44;04:47;;;05:14;05:14;05:44;05:45;06:14;06:14;06:44;06:44;07:14;07:15;07:44;07:45;08:14;08:15;08:44;08:45;;;09:06;09:07;09:21;09:23;09:36;09:36;09:51;09:51;10:06;10:07;10:21;10:22;10:36;10:35;10:51;10:52;11:06;11:07;11:21;11:22;11:36;11:37;11:51;11:52;12:06;12:05;12:21;12:24;12:36;12:37;12:51;12:51;13:06;13:07;13:21;13:24;13:36;13:37;13:51;13:53;14:06;14:08;14:21;14:23;14:36;14:37;14:51;14:51;15:06;15:06;15:21;15:21;15:36;15:36;15:51;15:52;16:06;16:07;16:21;16:24;16:36;16:36;16:51;16:54;17:06;17:07;17:21;17:23;17:36;17:37;17:51;17:54;18:06;18:07;18:21;18:23;18:36;18:37;18:51;18:52;19:06;19:07;19:21;19:24;19:36;19:35;19:51;19:52;20:06;20:05;20:21;20:22;20:36;20:37;20:51;20:52;21:06;21:06;21:21;21:22;21:36;21:37;21:51;21:52;22:06;22:08;22:21;22:21;22:44;22:45;23:14;23:13;23:44;23:46
Volksgarten;00:15;00:16;00:45;00:46;;;;;;;04:45;04:48;;;05:15;05:16;05:45;05:46;06:15;06:15;06:45;06:45;07:15;07:16;07:45;07:46;08:15;08:16;08:45;08:46;;;09:07;09:08;09:22;09:24;09:37;09:37;09:52;09:52;10:07;10:08;10:22;10:23;10:37;10:36;10:52;10:53;11:07;11:08;11:22;11:23;11:37;11:38;11:52;11:53;12:07;12:07;12:22;12:25;12:37;12:38;12:52;12:52;13:07;13:08;13:22;13:25;13:37;13:38;13:52;13:54;14:07;14:09;14:22;14:24;14:37;14:38;14:52;14:52;15:07;15:07;15:22;15:22;15:37;15:37;15:52;15:53;16:07;16:08;16:22;16:25;16:37;16:37;16:52;16:55;17:07;17:08;17:22;17:24;17:37;17:38;17:52;17:55;18:07;18:08;18:22;18:24;18:37;18:39;18:52;18:53;19:07;19:08;19:22;19:25;19:37;19:36;19:52;19:53;20:07;20:06;20:22;20:23;20:37;20:38;20:52;20:53;21:07;21:07;21:22;21:23;21:37;21:38;21:52;21:53;22:07;22:09;22:22;22:22;22:45;22:47;23:15;23:14;23:45;23:47
Torgauer Platz;00:17;00:18;00:47;00:47;;;;;;;04:47;04:50;;;05:17;05:17;05:47;05:48;06:17;06:17;06:47;06:46;07:17;07:17;07:47;07:47;08:17;08:17;08:47;08:48;;;09:09;09:09;09:24;09:25;09:39;09:39;09:54;09:53;10:09;10:09;10:24;10:24;10:39;10:37;10:54;10:54;11:09;11:10;11:24;11:24;11:39;11:40;11:54;11:54;12:09;12:09;12:24;12:26;12:39;12:40;12:54;12:53;13:09;13:10;13:24;13:26;13:39;13:40;13:54;13:55;14:09;14:10;14:24;14:25;14:39;14:40;14:54;14:54;15:09;15:08;15:24;15:24;15:39;15:39;15:54;15:55;16:09;16:10;16:24;16:26;16:39;16:39;16:54;16:57;17:09;17:09;17:24;17:25;17:39;17:40;17:54;17:56;18:09;18:09;18:24;18:25;18:39;18:40;18:54;18:54;19:09;19:09;19:24;19:26;19:39;19:38;19:54;19:55;20:09;20:08;20:24;20:24;20:39;20:39;20:54;20:54;21:09;21:08;21:24;21:24;21:39;21:40;21:54;21:55;22:09;22:11;22:24;22:23;22:47;22:48;23:17;23:16;23:47;23:48
H.-Liebm.-/Eisenbahnstr.;00:19;00:20;00:49;00:49;;;;;;;04:49;04:52;;;05:19;05:19;05:49;05:50;06:19;06:19;06:49;06:49;07:19;07:19;07:49;07:49;08:19;08:19;08:49;08:49;;;09:11;09:11;09:26;09:27;09:41;09:40;09:56;09:55;10:11;10:11;10:26;10:26;10:41;10:39;10:56;10:56;11:11;11:12;11:26;11:26;11:41;11:42;11:56;11:56;12:11;12:10;12:26;12:28;12:41;12:42;12:56;12:55;13:11;13:13;13:26;13:28;13:41;13:42;13:56;13:57;14:11;14:12;14:26;14:27;14:41;14:42;14:56;14:56;15:11;15:10;15:26;15:26;15:41;15:41;15:56;15:57;16:11;16:12;16:26;16:28;16:41;16:41;16:56;16:59;17:11;17:11;17:26;17:28;17:41;17:41;17:56;17:59;18:11;18:11;18:26;18:27;18:41;18:42;18:56;18:56;19:11;19:11;19:26;19:28;19:41;19:39;19:56;19:57;20:11;20:10;20:26;20:26;20:41;20:41;20:56;20:57;21:11;21:10;21:26;21:26;21:41;21:42;21:56;21:56;22:11;22:13;22:26;22:25;22:49;22:50;23:19;23:18;23:49;23:50
Einertstraße;00:20;00:22;00:50;00:50;;;;;;;04:50;04:53;;;05:20;05:20;05:50;05:51;06:20;06:20;06:50;06:50;07:20;07:20;07:50;07:50;08:20;08:20;08:50;08:50;;;09:12;09:13;09:27;09:28;09:42;09:42;09:57;09:56;10:12;10:12;10:27;10:27;10:42;10:40;10:57;10:57;11:12;11:13;11:27;11:27;11:42;11:43;11:57;11:57;12:12;12:11;12:27;12:30;12:42;12:43;12:57;12:56;13:12;13:14;13:27;13:29;13:42;13:44;13:57;13:58;14:12;14:13;14:27;14:28;14:42;14:43;14:57;14:57;15:12;15:11;15:27;15:27;15:42;15:42;15:57;15:58;16:12;16:13;16:27;16:29;16:42;16:42;16:57;17:00;17:12;17:13;17:27;17:29;17:42;17:42;17:57;18:00;18:12;18:12;18:27;18:28;18:42;18:43;18:57;18:57;19:12;19:13;19:27;19:30;19:42;19:41;19:57;19:59;20:12;20:11;20:27;20:27;20:42;20:43;20:57;20:58;21:12;21:11;21:27;21:28;21:42;21:44;21:57;21:57;22:12;22:15;22:27;22:26;22:50;22:51;23:20;23:19;23:50;23:51
Friedrich-List-Platz;00:22;00:24;00:52;00:53;;;;;;;04:52;04:54;;;05:22;05:23;05:52;05:53;06:22;06:21;06:52;06:52;07:22;07:21;07:52;07:51;08:22;08:21;08:52;08:53;;;09:14;09:15;09:29;09:30;09:44;09:44;09:59;09:58;10:14;10:14;10:29;10:29;10:44;10:42;10:59;10:59;11:14;11:14;11:29;11:29;11:44;11:45;11:59;11:59;12:14;12:14;12:29;12:32;12:44;12:45;12:59;12:59;13:14;13:15;13:29;13:30;13:44;13:45;13:59;14:00;14:14;14:15;14:29;14:30;14:44;14:45;14:59;14:59;15:14;15:13;15:29;15:29;15:44;15:44;15:59;16:00;16:14;16:15;16:29;16:30;16:44;16:44;16:59;17:02;17:14;17:14;17:29;17:30;17:44;17:44;17:59;18:02;18:14;18:14;18:29;18:30;18:44;18:45;18:59;18:59;19:14;19:15;19:29;19:32;19:44;19:42;19:59;20:00;20:14;20:12;20:29;20:29;20:44;20:44;20:59;21:00;21:14;21:14;21:29;21:29;21:44;21:45;21:59;21:59;22:14;22:17;22:29;22:29;22:52;22:53;23:22;23:21;23:52;23:53
Hofmeisterstraße;00:23;00:25;00:53;00:54;;;;;;;04:53;04:55;;;05:23;05:24;05:53;05:54;06:23;06:22;06:53;06:53;07:23;07:23;07:53;07:53;08:23;08:22;08:53;08:53;;;09:15;09:16;09:30;09:31;09:45;09:45;10:00;09:59;10:15;10:15;10:30;10:30;10:45;10:43;11:00;11:00;11:15;11:15;11:30;11:30;11:45;11:46;12:00;12:00;12:15;12:15;12:30;12:33;12:45;12:47;13:00;13:00;13:15;13:17;13:30;13:32;13:45;13:47;14:00;14:01;14:15;14:16;14:30;14:31;14:45;14:46;15:00;15:00;15:15;15:14;15:30;15:30;15:45;15:45;16:00;16:01;16:15;16:16;16:30;16:32;16:45;16:45;17:00;17:03;17:15;17:15;17:30;17:32;17:45;17:45;18:00;18:03;18:15;18:15;18:30;18:31;18:45;18:46;19:00;19:00;19:15;19:17;19:30;19:33;19:45;19:43;20:00;20:01;20:15;20:13;20:30;20:30;20:45;20:45;21:00;21:01;21:15;21:15;21:30;21:30;21:45;21:46;22:00;22:00;22:15;22:18;22:30;22:30;22:53;22:54;23:23;23:22;23:53;23:54
Hauptbahnhof;00:32;00:33;00:56;00:57;;;;;;;05:02;05:03;;;05:32;05:31;06:02;06:03;06:32;06:31;07:02;07:01;07:32;07:31;08:02;08:01;08:32;08:31;09:02;09:03;;;09:19;09:21;09:34;09:34;09:49;09:49;10:04;10:03;10:19;10:19;10:34;10:34;10:49;10:48;11:04;11:04;11:19;11:19;11:34;11:34;11:49;11:51;12:04;12:04;12:19;12:18;12:34;12:37;12:49;12:51;13:04;13:03;13:19;13:21;13:34;13:36;13:49;13:51;14:04;14:06;14:19;14:21;14:34;14:36;14:49;14:49;15:04;15:04;15:19;15:18;15:34;15:33;15:49;15:49;16:04;16:04;16:19;16:21;16:34;16:36;16:49;16:48;17:04;17:07;17:19;17:19;17:34;17:36;17:49;17:49;18:04;18:06;18:19;18:18;18:34;18:34;18:49;18:51;19:04;19:04;19:19;19:21;19:34;19:37;19:49;19:48;20:04;20:04;20:19;20:18;20:34;20:34;20:49;20:49;21:04;21:04;21:19;21:18;21:34;21:34;21:49;21:51;22:04;22:04;22:19;22:22;22:34;22:34;23:02;23:03;23:32;23:33;00:02;00:01
Goerdelerring;00:34;00:36;00:58;00:59;;;;;;;05:04;05:05;;;05:34;05:34;06:04;06:05;06:34;06:34;07:04;07:04;07:34;07:34;08:04;08:04;08:34;08:34;09:04;09:05;;;09:21;09:23;09:36;09:37;09:51;09:52;10:06;10:05;10:21;10:22;10:36;10:37;10:51;10:50;11:06;11:07;11:21;11:22;11:36;11:37;11:51;11:53;12:06;12:07;12:21;12:20;12:36;12:40;12:51;12:53;13:06;13:05;13:21;13:23;13:36;13:38;13:51;13:52;14:06;14:08;14:21;14:23;14:36;14:38;14:51;14:52;15:06;15:07;15:21;15:20;15:36;15:35;15:51;15:52;16:06;16:07;16:21;16:23;16:36;16:38;16:51;16:50;17:06;17:10;17:21;17:21;17:36;17:38;17:51;17:52;18:06;18:08;18:21;18:20;18:36;18:37;18:51;18:53;19:06;19:07;19:21;19:23;19:36;19:40;19:51;19:50;20:06;20:07;20:21;20:20;20:36;20:37;20:51;20:52;21:06;21:07;21:21;21:20;21:36;21:37;21:51;21:53;22:06;22:07;22:21;22:25;22:36;22:37;23:04;23:05;23:34;23:35;00:04;00:04
Leibnizstraße;00:36;00:37;01:00;01:01;;;;;;;05:06;05:07;;;05:36;05:36;06:06;06:07;06:36;06:35;07:06;07:05;07:36;07:35;08:06;08:06;08:36;08:35;09:06;09:07;;;09:23;09:25;09:38;09:38;09:53;09:53;10:08;10:07;10:23;10:23;10:38;10:38;10:53;10:52;11:08;11:08;11:23;11:23;11:38;11:38;11:53;11:55;12:08;12:08;12:23;12:22;12:38;12:41;12:53;12:55;13:08;13:07;13:23;13:25;13:38;13:40;13:53;13:54;14:08;14:10;14:23;14:25;14:38;14:40;14:53;14:53;15:08;15:08;15:23;15:22;15:38;15:37;15:53;15:53;16:08;16:08;16:23;16:25;16:38;16:40;16:53;16:52;17:08;17:11;17:23;17:22;17:38;17:40;17:53;17:53;18:08;18:10;18:23;18:22;18:38;18:38;18:53;18:55;19:08;19:08;19:23;19:25;19:38;19:41;19:53;19:52;20:08;20:08;20:23;20:22;20:38;20:38;20:53;20:53;21:08;21:08;21:23;21:22;21:38;21:38;21:53;21:55;22:08;22:08;22:23;23:31;22:38;22:38;23:06;23:07;23:36;23:37;00:06;00:05
Waldplatz;00:38;00:39;01:02;01:02;;;;;;;05:08;05:09;;;05:38;05:38;06:08;06:09;06:38;06:37;07:08;07:07;07:38;07:37;08:08;08:08;08:38;08:37;09:08;09:09;;;09:25;09:27;09:40;09:40;09:55;09:55;10:10;10:09;10:25;10:25;10:40;10:40;10:55;10:53;11:10;11:10;11:25;11:25;11:40;11:40;11:55;11:57;12:10;12:10;12:25;12:24;12:40;12:43;12:55;12:57;13:10;13:09;13:25;13:27;13:40;13:42;13:55;13:56;14:10;14:11;14:25;14:27;14:40;14:43;14:55;14:55;15:10;15:10;15:25;15:24;15:40;15:39;15:55;15:55;16:10;16:10;16:25;16:27;16:40;16:41;16:55;16:54;17:10;17:13;17:25;17:25;17:40;17:41;17:55;17:55;18:10;18:11;18:25;18:24;18:40;18:40;18:55;18:56;19:10;19:11;19:25;19:27;19:40;19:43;19:55;19:54;20:10;20:10;20:25;20:24;20:40;20:40;20:55;20:55;21:10;21:10;21:25;21:24;21:40;21:40;21:55;21:57;22:10;22:10;22:25;23:33;22:40;22:40;23:08;23:10;23:38;23:38;00:08;00:08
Sportforum Süd;00:39;00:40;01:03;01:03;;;;;;;05:09;05:10;;;05:39;05:39;06:09;06:10;06:39;06:39;07:09;07:08;07:39;07:38;08:09;08:09;08:39;08:38;09:09;09:10;;;09:26;09:28;09:41;09:41;09:56;09:56;10:11;10:10;10:26;10:26;10:41;10:41;10:56;10:54;11:11;11:11;11:26;11:26;11:41;11:41;11:56;11:58;12:11;12:11;12:26;12:25;12:41;12:45;12:56;12:58;13:11;13:10;13:26;13:28;13:41;13:43;13:56;13:57;14:11;14:13;14:26;14:28;14:41;14:44;14:56;14:56;15:11;15:11;15:26;15:25;15:41;15:40;15:56;15:56;16:11;16:11;16:26;16:28;16:41;16:42;16:56;16:56;17:11;17:14;17:26;17:26;17:41;17:42;17:56;17:56;18:11;18:12;18:26;18:25;18:41;18:41;18:56;18:57;19:11;19:11;19:26;19:28;19:41;19:45;19:56;19:55;20:11;20:11;20:26;20:25;20:41;20:41;20:56;20:56;21:11;21:11;21:26;21:25;21:41;21:41;21:56;21:58;22:11;22:11;22:26;23:35;22:41;22:41;23:09;23:11;23:39;23:39;00:09;00:09
Angerbrücke, Strbf.;00:41;00:42;;;;;03:56;03:55;04:26;04:26;05:11;05:12;04:56;04:56;05:41;05:41;06:11;06:11;06:41;06:40;07:11;07:10;07:41;07:40;08:11;08:11;08:41;08:40;09:11;09:11;08:58;08:59;09:28;09:30;09:43;09:43;09:58;09:58;10:13;10:12;10:28;10:28;10:43;10:43;10:58;10:56;11:13;11:13;11:28;11:28;11:43;11:43;11:58;12:00;12:13;12:13;12:28;12:29;12:43;12:46;12:58;13:00;13:13;13:13;13:28;13:30;13:43;13:45;13:58;13:58;14:13;14:17;14:28;14:29;14:43;14:46;14:58;14:58;15:13;15:13;15:28;15:27;15:43;15:41;15:58;15:58;16:13;16:13;16:28;16:30;16:43;16:44;16:58;16:59;17:13;17:16;17:28;17:28;17:43;17:44;17:58;17:58;18:13;18:14;18:28;18:27;18:43;18:43;18:58;18:59;19:13;19:13;19:28;19:30;19:43;19:46;19:58;19:56;20:13;20:14;20:28;20:28;20:43;20:42;20:58;20:58;21:13;21:13;21:28;21:28;21:43;21:43;21:58;22:00;22:13;22:13;22:28;22:31;22:43;22:43;23:11;23:14;23:41;23:41;00:11;00:11
Felsenkeller;00:43;00:45;;;;;03:58;03:57;04:28;04:28;05:13;05:16;04:58;04:57;05:43;05:43;06:13;06:13;06:43;06:43;07:13;07:12;07:43;07:42;08:13;08:13;08:43;08:42;09:13;09:13;09:00;09:00;09:30;09:32;09:45;09:46;10:00;10:00;10:15;10:14;10:30;10:30;10:45;10:45;11:00;10:58;11:15;11:15;11:30;11:30;11:45;11:45;12:00;12:02;12:15;12:15;12:30;12:31;12:45;12:49;13:00;13:02;13:15;13:15;13:30;13:32;13:45;13:47;14:00;14:00;14:15;14:19;14:30;14:32;14:45;14:48;15:00;15:00;15:15;15:16;15:30;15:29;15:45;15:44;16:00;16:00;16:15;16:15;16:30;16:32;16:45;16:46;17:00;17:01;17:15;17:19;17:30;17:30;17:45;17:47;18:00;18:00;18:15;18:16;18:30;18:29;18:45;18:45;19:00;19:02;19:15;19:15;19:30;19:32;19:45;19:48;20:00;19:58;20:15;20:16;20:30;20:29;20:45;20:44;21:00;21:00;21:15;21:15;21:30;21:29;21:45;21:45;22:00;22:02;22:15;22:15;22:30;22:33;22:45;22:45;23:13;23:15;23:43;23:42;00:13;00:13
Elster Passage;00:44;00:46;;;;;03:59;03:58;04:29;04:29;05:14;05:17;04:59;04:58;05:44;05:45;06:14;06:14;06:44;06:44;07:14;07:14;07:44;07:44;08:14;08:14;08:44;08:43;09:14;09:14;09:01;09:02;09:31;09:33;09:46;09:47;10:01;10:01;10:16;10:15;10:31;10:31;10:46;10:46;11:01;10:59;11:16;11:16;11:31;11:31;11:46;11:46;12:01;12:03;12:16;12:16;12:31;12:32;12:46;12:50;13:01;13:03;13:16;13:16;13:31;13:33;13:46;13:48;14:01;14:01;14:16;14:20;14:31;14:33;14:46;14:50;15:01;15:01;15:16;15:17;15:31;15:30;15:46;15:45;16:01;16:01;16:16;16:17;16:31;16:33;16:46;16:48;17:01;17:02;17:16;17:20;17:31;17:31;17:46;17:48;18:01;18:01;18:16;18:18;18:31;18:31;18:46;18:46;19:01;19:03;19:16;19:16;19:31;19:33;19:46;19:50;20:01;20:00;20:16;20:17;20:31;20:30;20:46;20:46;21:01;21:02;21:16;21:17;21:31;21:30;21:46;21:47;22:01;22:04;22:16;22:16;22:31;22:34;22:46;22:46;23:14;23:17;23:44;23:44;00:14;00:14
Markranstädter Straße;00:45;00:48;;;;;04:00;03:59;04:30;04:30;05:15;05:18;05:00;05:00;05:45;05:46;06:15;06:15;06:45;06:45;07:15;07:15;07:45;07:45;08:15;08:15;08:45;08:44;09:15;09:15;09:02;09:03;09:32;09:34;09:47;09:48;10:02;10:02;10:17;10:16;10:32;10:33;10:47;10:47;11:02;11:01;11:17;11:18;11:32;11:33;11:47;11:47;12:02;12:05;12:17;12:18;12:32;12:33;12:47;12:51;13:02;13:04;13:17;13:17;13:32;13:35;13:47;13:49;14:02;14:02;14:17;14:21;14:32;14:34;14:47;14:51;15:02;15:02;15:17;15:18;15:32;15:31;15:47;15:47;16:02;16:03;16:17;16:18;16:32;16:34;16:47;16:49;17:02;17:03;17:17;17:22;17:32;17:32;17:47;17:49;18:02;18:03;18:17;18:19;18:32;18:32;18:47;18:47;19:02;19:04;19:17;19:17;19:32;19:34;19:47;19:51;20:02;20:01;20:17;20:18;20:32;20:32;20:47;20:47;21:02;21:03;21:17;21:18;21:32;21:31;21:47;21:48;22:02;22:05;22:17;22:17;22:32;22:35;22:47;22:47;23:15;23:18;23:45;23:45;00:15;00:15
Adler;00:47;00:49;;;;;04:02;04:01;04:32;04:32;05:17;05:20;05:02;05:01;05:47;05:48;06:17;06:17;06:47;06:46;07:17;07:17;07:47;07:46;08:17;08:17;08:47;08:46;09:17;09:17;09:04;09:04;09:34;09:36;09:49;09:50;10:04;10:04;10:19;10:18;10:34;10:34;10:49;10:49;11:04;11:02;11:19;11:20;11:34;11:34;11:49;11:49;12:04;12:08;12:19;12:20;12:34;12:36;12:49;12:53;13:04;13:06;13:19;13:20;13:34;13:36;13:49;13:52;14:04;14:04;14:19;14:22;14:34;14:36;14:49;14:53;15:04;15:04;15:19;15:20;15:34;15:33;15:49;15:49;16:04;16:05;16:19;16:20;16:34;16:36;16:49;16:51;17:04;17:05;17:19;17:23;17:34;17:35;17:49;17:51;18:04;18:05;18:19;18:21;18:34;18:35;18:49;18:50;19:04;19:06;19:19;19:20;19:34;19:36;19:49;19:53;20:04;20:03;20:19;20:20;20:34;20:33;20:49;20:48;21:04;21:05;21:19;21:20;21:34;21:33;21:49;21:50;22:04;22:08;22:19;22:18;22:34;22:37;22:49;22:49;23:17;23:20;23:47;23:46;00:17;00:17
Schwartzestraße;00:48;00:51;;;;;04:03;04:02;04:33;04:33;05:18;05:21;05:03;05:02;05:48;05:49;06:18;06:18;06:48;06:48;07:18;07:18;07:48;07:48;08:18;08:18;08:48;08:48;09:18;09:18;09:05;09:05;09:35;09:37;09:50;09:52;10:05;10:05;10:20;10:20;10:35;10:36;10:50;10:50;11:05;11:04;11:20;11:21;11:35;11:36;11:50;11:51;12:05;12:09;12:20;12:21;12:35;12:37;12:50;12:55;13:05;13:08;13:20;13:21;13:35;13:37;13:50;13:53;14:05;14:05;14:20;14:24;14:35;14:37;14:50;14:55;15:05;15:05;15:20;15:21;15:35;15:34;15:50;15:51;16:05;16:06;16:20;16:21;16:35;16:38;16:50;16:53;17:05;17:06;17:20;17:25;17:35;17:36;17:50;17:53;18:05;18:06;18:20;18:23;18:35;18:36;18:50;18:51;19:05;19:08;19:20;19:21;19:35;19:38;19:50;19:54;20:05;20:04;20:20;20:21;20:35;20:34;20:50;20:50;21:05;21:06;21:20;21:21;21:35;21:34;21:50;21:52;22:05;22:09;22:20;22:20;22:35;22:39;22:50;22:50;23:18;23:21;23:48;23:48;00:18;00:18
Kleinzschocher;00:50;00:52;;;;;04:05;04:03;04:35;04:34;05:20;05:22;05:05;05:03;05:50;05:50;06:20;06:19;06:50;06:49;07:20;07:19;07:50;07:49;08:20;08:20;08:50;08:48;09:20;09:19;09:07;09:06;09:37;09:38;09:52;09:53;10:07;10:06;10:22;10:21;10:37;10:37;10:52;10:51;11:07;11:05;11:22;11:22;11:37;11:37;11:52;11:52;12:07;12:10;12:22;12:22;12:37;12:38;12:52;12:56;13:07;13:09;13:22;13:22;13:37;13:38;13:52;13:54;14:07;14:06;14:22;14:25;14:37;14:38;14:52;14:56;15:07;15:06;15:22;15:22;15:37;15:35;15:52;15:52;16:07;16:07;16:22;16:22;16:37;16:39;16:52;16:54;17:07;17:07;17:22;17:26;17:37;17:37;17:52;17:54;18:07;18:07;18:22;18:24;18:37;18:37;18:52;18:52;19:07;19:09;19:22;19:22;19:37;19:39;19:52;19:55;20:07;20:05;20:22;20:22;20:37;20:36;20:52;20:51;21:07;21:07;21:22;21:22;21:37;21:36;21:52;21:53;22:07;22:10;22:22;22:21;22:37;22:40;22:52;22:51;23:20;23:22;23:50;23:49;00:20;00:19
Arthur-Nagel-Straße;00:52;00:53;;;;;04:07;04:05;04:37;04:36;05:22;05:24;05:07;05:05;05:52;05:52;06:22;06:21;06:52;06:51;07:22;07:21;07:52;07:50;08:22;08:21;08:52;08:50;09:22;09:22;09:09;09:07;09:39;09:39;09:54;09:54;10:09;10:08;10:24;10:22;10:39;10:38;10:54;10:53;11:09;11:06;11:24;11:24;11:39;11:38;11:54;11:53;12:09;12:12;12:24;12:24;12:39;12:40;12:54;12:57;13:09;13:10;13:24;13:24;13:39;13:40;13:54;13:56;14:09;14:07;14:24;14:26;14:39;14:40;14:54;14:57;15:09;15:07;15:24;15:24;15:39;15:37;15:54;15:53;16:09;16:08;16:24;16:24;16:39;16:41;16:54;16:56;17:09;17:09;17:24;17:27;17:39;17:38;17:54;17:55;18:09;18:09;18:24;18:25;18:39;18:39;18:54;18:53;19:09;19:11;19:24;19:23;19:39;19:40;19:54;19:57;20:09;20:07;20:24;20:24;20:39;20:38;20:54;20:53;21:09;21:09;21:24;21:23;21:39;21:38;21:54;21:54;22:09;22:12;22:24;22:23;22:39;22:41;22:54;22:53;23:22;23:23;23:52;23:51;00:22;00:20
Kunzestraße;00:53;00:54;;;;;04:08;04:06;04:38;04:37;05:23;05:24;05:08;05:06;05:53;05:53;06:23;06:22;06:53;06:52;07:23;07:22;07:53;07:51;08:23;08:22;08:53;08:51;09:23;09:23;09:10;09:08;09:40;09:40;09:55;09:55;10:10;10:09;10:25;10:23;10:40;10:39;10:55;10:54;11:10;11:08;11:25;11:25;11:40;11:39;11:55;11:54;12:10;12:13;12:25;12:25;12:40;12:41;12:55;12:58;13:10;13:11;13:25;13:25;13:40;13:41;13:55;13:57;14:10;14:08;14:25;14:27;14:40;14:41;14:55;14:58;15:10;15:08;15:25;15:24;15:40;15:38;15:55;15:54;16:10;16:09;16:25;16:25;16:40;16:41;16:55;16:56;17:10;17:10;17:25;17:28;17:40;17:39;17:55;17:56;18:10;18:10;18:25;18:26;18:40;18:40;18:55;18:54;19:10;19:11;19:25;19:24;19:40;19:41;19:55;19:58;20:10;20:08;20:25;20:25;20:40;20:39;20:55;20:54;21:10;21:10;21:25;21:24;21:40;21:39;21:55;21:55;22:10;22:13;22:25;22:24;22:40;22:42;22:55;22:54;23:23;23:24;23:53;23:52;00:23;00:21
Huttenstraße;00:54;00:56;;;;;04:09;04:08;04:39;04:38;05:24;05:26;05:09;05:07;05:54;05:54;06:24;06:23;06:54;06:54;07:24;07:23;07:54;07:53;08:24;08:24;08:54;08:52;09:24;09:24;09:11;09:10;09:41;09:41;09:56;09:57;10:11;10:10;10:26;10:25;10:41;10:41;10:56;10:56;11:11;11:09;11:26;11:26;11:41;11:41;11:56;11:56;12:11;12:15;12:26;12:27;12:41;12:42;12:56;12:59;13:11;13:12;13:26;13:26;13:41;13:42;13:56;13:58;14:11;14:10;14:26;14:29;14:41;14:42;14:56;14:59;15:11;15:10;15:26;15:26;15:41;15:40;15:56;15:55;16:11;16:11;16:26;16:26;16:41;16:43;16:56;16:58;17:11;17:11;17:26;17:30;17:41;17:40;17:56;17:58;18:11;18:11;18:26;18:27;18:41;18:41;18:56;18:55;19:11;19:13;19:26;19:25;19:41;19:42;19:56;19:59;20:11;20:09;20:26;20:26;20:41;20:40;20:56;20:55;21:11;21:11;21:26;21:25;21:41;21:40;21:56;21:57;22:11;22:14;22:26;22:26;22:41;22:44;22:56;22:55;23:24;23:26;23:54;23:53;00:24;00:23
Großzsch., G.-Ellrodt-S.;00:56;00:57;;;;;04:11;04:10;04:41;04:40;05:26;05:27;05:11;05:09;05:56;05:56;06:26;06:25;06:56;06:55;07:26;07:24;07:56;07:55;08:26;08:26;08:56;08:54;09:26;09:26;09:13;09:11;09:43;09:43;09:58;09:59;10:13;10:12;10:28;10:26;10:43;10:42;10:58;10:58;11:13;11:11;11:28;11:28;11:43;11:42;11:58;11:58;12:13;12:16;12:28;12:28;12:43;12:44;12:58;13:01;13:13;13:14;13:28;13:28;13:43;13:44;13:58;13:59;14:13;14:11;14:28;14:30;14:43;14:44;14:58;15:01;15:13;15:11;15:28;15:27;15:43;15:42;15:58;15:57;16:13;16:12;16:28;16:28;16:43;16:44;16:58;17:00;17:13;17:13;17:28;17:32;17:43;17:42;17:58;17:59;18:13;18:13;18:28;18:29;18:43;18:42;18:58;18:57;19:13;19:15;19:28;19:27;19:43;19:44;19:58;20:01;20:13;20:12;20:28;20:28;20:43;20:42;20:58;20:57;21:13;21:13;21:28;21:27;21:43;21:42;21:58;21:59;22:13;22:16;22:28;22:28;22:43;22:45;22:58;22:58;23:26;23:27;23:56;23:55;00:26;00:24
Wasserwerk Windorf;00:58;00:58;;;;;04:13;04:11;04:43;04:42;05:28;05:29;05:13;05:10;05:58;05:57;06:28;06:26;06:58;06:58;07:28;07:27;07:58;07:57;08:28;08:27;08:58;08:56;09:28;09:27;09:15;09:14;09:45;09:45;10:00;10:00;10:15;10:13;10:30;10:28;10:45;10:44;11:00;11:00;11:15;11:13;11:30;11:29;11:45;11:45;12:00;12:00;12:15;12:18;12:30;12:29;12:45;12:46;13:00;13:02;13:15;13:15;13:30;13:30;13:45;13:45;14:00;14:00;14:15;14:13;14:30;14:31;14:45;14:45;15:00;15:02;15:15;15:12;15:30;15:29;15:45;15:44;16:00;15:58;16:15;16:14;16:30;16:30;16:45;16:46;17:00;17:01;17:15;17:15;17:30;17:33;17:45;17:44;18:00;18:00;18:15;18:14;18:30;18:30;18:45;18:45;19:00;18:58;19:15;19:16;19:30;19:30;19:45;19:45;20:00;20:02;20:15;20:13;20:30;20:29;20:45;20:43;21:00;20:59;21:15;21:14;21:30;21:30;21:45;21:44;22:00;22:00;22:15;22:17;22:30;22:29;22:45;22:47;23:00;22:59;23:28;23:29;23:58;23:58;00:28;00:27
Seumestraße;01:00;01:00;;;;;04:15;04:14;04:45;04:44;05:30;05:31;05:15;05:12;06:00;06:00;06:30;06:28;07:00;07:00;07:30;07:29;08:00;08:00;08:30;08:29;09:00;08:58;09:30;09:30;09:17;09:17;09:47;09:47;10:02;10:02;10:17;10:15;10:32;10:30;10:47;10:46;11:02;11:03;11:17;11:15;11:32;11:31;11:47;11:47;12:02;12:02;12:17;12:20;12:32;12:31;12:47;12:47;13:02;13:05;13:17;13:17;13:32;13:32;13:47;13:47;14:02;14:02;14:17;14:15;14:32;14:34;14:47;14:47;15:02;15:04;15:17;15:16;15:32;15:31;15:47;15:46;16:02;16:00;16:17;16:16;16:32;16:32;16:47;16:48;17:02;17:03;17:17;17:17;17:32;17:35;17:47;17:46;18:02;18:02;18:17;18:16;18:32;18:32;18:47;18:46;19:02;19:00;19:17;19:18;19:32;19:31;19:47;19:47;20:02;20:04;20:17;20:16;20:32;20:32;20:47;20:46;21:02;21:01;21:17;21:17;21:32;21:32;21:47;21:46;22:02;22:03;22:17;22:19;22:32;22:31;22:47;22:49;23:02;23:01;23:30;23:31;00:00;00:00;00:30;00:29
Albersdorfer Straße;01:01;01:01;;;;;04:16;04:15;04:46;04:45;05:31;05:31;05:16;05:13;06:01;06:01;06:31;06:29;07:01;07:01;07:31;07:30;08:01;08:01;08:31;08:30;09:01;08:59;09:31;09:31;09:18;09:17;09:48;09:48;10:03;10:03;10:18;10:16;10:33;10:31;10:48;10:47;11:03;11:03;11:18;11:16;11:33;11:32;11:48;11:48;12:03;12:03;12:18;12:21;12:33;12:32;12:48;12:48;13:03;13:06;13:18;13:18;13:33;13:33;13:48;13:48;14:03;14:03;14:18;14:16;14:33;14:35;14:48;14:48;15:03;15:05;15:18;15:16;15:33;15:32;15:48;15:47;16:03;16:01;16:18;16:17;16:33;16:33;16:48;16:49;17:03;17:04;17:18;17:18;17:33;17:36;17:48;17:47;18:03;18:03;18:18;18:17;18:33;18:33;18:48;18:47;19:03;19:01;19:18;19:19;19:33;19:32;19:48;19:49;20:03;20:05;20:18;20:17;20:33;20:33;20:48;20:47;21:03;21:02;21:18;21:18;21:33;21:33;21:48;21:47;22:03;22:04;22:18;22:20;22:33;22:32;22:48;22:50;23:03;23:02;23:31;23:32;00:01;00:01;00:31;00:30
Fortunabadstraße;01:02;01:02;;;;;04:17;04:16;04:47;04:46;05:32;05:32;05:17;05:14;06:02;06:02;06:32;06:30;07:02;07:02;07:32;07:31;08:02;08:01;08:32;08:31;09:02;09:00;09:32;09:32;09:19;09:18;09:49;09:48;10:04;10:04;10:19;10:17;10:34;10:32;10:49;10:48;11:04;11:04;11:19;11:17;11:34;11:33;11:49;11:49;12:04;12:03;12:19;12:21;12:34;12:33;12:49;12:49;13:04;13:07;13:19;13:19;13:34;13:34;13:49;13:49;14:04;14:04;14:19;14:17;14:34;14:35;14:49;14:49;15:04;15:06;15:19;15:17;15:34;15:33;15:49;15:47;16:04;16:02;16:19;16:18;16:34;16:34;16:49;16:50;17:04;17:05;17:19;17:19;17:34;17:37;17:49;17:48;18:04;18:04;18:19;18:18;18:34;18:34;18:49;18:48;19:04;19:02;19:19;19:20;19:34;19:33;19:49;19:49;20:04;20:06;20:19;20:17;20:34;20:34;20:49;20:48;21:04;21:03;21:19;21:19;21:34;21:33;21:49;21:48;22:04;22:05;22:19;22:21;22:34;22:33;22:49;22:51;23:04;23:03;23:32;23:33;00:02;00:02;00:32;00:31
Knautkleeberg;01:03;01:03;;;;;04:18;04:17;04:48;04:47;05:33;05:33;05:18;05:15;06:03;06:03;06:33;06:31;07:03;07:03;07:33;07:32;08:03;08:02;08:33;08:32;09:03;09:01;09:33;09:33;09:20;09:19;09:50;09:49;10:05;10:05;10:20;10:18;10:35;10:33;10:50;10:49;11:05;11:05;11:20;11:18;11:35;11:34;11:50;11:49;12:05;12:04;12:20;12:22;12:35;12:34;12:50;12:50;13:05;13:08;13:20;13:20;13:35;13:34;13:50;13:50;14:05;14:05;14:20;14:18;14:35;14:36;14:50;14:50;15:05;15:07;15:20;15:24;15:35;15:34;15:50;15:48;16:05;16:03;16:20;16:19;16:35;16:34;16:50;16:51;17:05;17:06;17:20;17:19;17:35;17:38;17:50;17:49;18:05;18:05;18:20;18:19;18:35;18:35;18:50;18:49;19:05;19:03;19:20;19:21;19:35;19:34;19:50;19:50;20:05;20:07;20:20;20:19;20:35;20:35;20:50;20:49;21:05;21:04;21:20;21:20;21:35;21:34;21:50;21:49;22:05;22:06;22:20;22:22;22:35;22:34;22:50;22:52;23:05;23:04;23:33;23:34;00:03;00:03;00:33;00:32
